,mean AUC,angry AUC,disgust AUC,fear AUC,happy AUC,neautral AUC,sad AUC,surprise AUC,mean ACC,angry ACC,disgust ACC,fear ACC,happy ACC,neautral ACC,sad ACC,surprise ACC
Fer2013_uniform xval-4,0.8456169642857143,0.7855,0.9073625,0.7307708333333333,0.9231770833333334,0.8220437500000001,0.8103583333333334,0.94010625,0.5485714285714286,0.475,0.4925,0.3375,0.725,0.5375,0.52,0.7525
Fer2013_uniform xval-4,0.8468877976190475,0.7737166666666666,0.9111375,0.7373541666666666,0.9202208333333332,0.8296250000000001,0.8118500000000001,0.9443104166666666,0.5478571428571428,0.475,0.465,0.375,0.7350000000000001,0.5275000000000001,0.5,0.7575000000000001
Fer2013_uniform xval-4,0.8470532738095238,0.7824833333333332,0.9098166666666667,0.7312291666666668,0.9251083333333333,0.8394541666666666,0.7995458333333334,0.9417354166666667,0.5432142857142856,0.475,0.4825,0.37000000000000005,0.7175,0.5375,0.455,0.7650000000000001
