,exp name,mean AUC,angry AUC,disgust AUC,fear AUC,happy AUC,neautral AUC,sad AUC,surprise AUC,mean ACC,angry ACC,disgust ACC,fear ACC,happy ACC,neautral ACC,sad ACC,surprise ACC
0,Fer2013_Aug_Disgust_E_uniform,0.8550571428571428,0.7984166666666667,0.8897166666666667,0.7655333333333333,0.928925,0.8349916666666667,0.8202166666666667,0.9476,0.5671428571428572,0.47,0.52,0.41,0.76,0.53,0.49,0.79
0,Fer2013_uniform,0.8592535714285715,0.8068666666666666,0.9173833333333332,0.7399666666666667,0.9328416666666668,0.8425583333333333,0.8352,0.9399583333333332,0.5971428571428572,0.47,0.64,0.43,0.76,0.55,0.52,0.81
0,Fer2013_Aug_Disgust_uniform_e_03_identity,0.8620428571428572,0.7985416666666667,0.9053666666666668,0.7644333333333333,0.93825,0.8501833333333333,0.8339166666666668,0.9436083333333334,0.58,0.46,0.58,0.39,0.79,0.58,0.49,0.77
0,Fer2013_Aug_Disgust_uniform_e_03_identity,0.8525226190476191,0.7907583333333333,0.90885,0.7308166666666668,0.9238749999999999,0.8503,0.8261000000000001,0.9369583333333333,0.5642857142857143,0.46,0.52,0.33,0.76,0.59,0.5,0.79
